SMILES,Reagent1 (ul),Reagent2 (ul),Reagent3 (ul),Reagent4 (ul),Reagent5 (ul),Reagent6 (ul),Reagent7 (ul),Reagent8 (ul),Reagent9 (ul),crystal_score,crystal_size,lab_code
Cc1cccc(n1)-c2cccc(C)n2,28,126,4,41,0,0,0,0,800,4,1.4593,1
Cc1cccc(n1)-c2cccc(C)n2,100,6,41,52,0,0,0,0,800,1,0,1
Cc1cccc(n1)-c2cccc(C)n2,14,88,18,80,0,0,0,0,800,4,0.767,1
Cc1cccc(n1)-c2cccc(C)n2,28,69,83,20,0,0,0,0,800,4,0.707,1
Cc1cccc(n1)-c2cccc(C)n2,50,3,89,58,0,0,0,0,800,4,0,1
Cc1cccc(n1)-c2cccc(C)n2,31,18,83,68,0,0,0,0,800,4,0,1
Cc1cccc(n1)-c2cccc(C)n2,42,65,22,71,0,0,0,0,800,4,1.4402,1
Cc1cccc(n1)-c2cccc(C)n2,42,52,59,47,0,0,0,0,800,4,0.8335,1
Cc1cccc(n1)-c2cccc(C)n2,45,16,108,31,0,0,0,0,800,1,0,1
Cc1cccc(n1)-c2cccc(C)n2,135,6,47,11,0,0,0,0,800,1,0,1
Cc1cccc(n1)-c2cccc(C)n2,85,75,25,15,0,0,0,0,800,4,3.818,1
Cc1cccc(n1)-c2cccc(C)n2,4,49,109,38,0,0,0,0,800,4,0,1
Cc1cccc(n1)-c2cccc(C)n2,38,1,141,20,0,0,0,0,800,4,0,1
Cc1cccc(n1)-c2cccc(C)n2,65,37,34,63,0,0,0,0,800,4,1.096,1
Cc1cccc(n1)-c2cccc(C)n2,89,57,49,5,0,0,0,0,800,4,0.944,1
Cc1cccc(n1)-c2cccc(C)n2,28,39,99,34,0,0,0,0,800,4,0,1
Cc1cccc(n1)-c2cccc(C)n2,83,39,32,47,0,0,0,0,800,4,1.2322,1
Cc1cccc(n1)-c2cccc(C)n2,24,35,106,34,0,0,0,0,800,4,0,1
Cc1cccc(n1)-c2cccc(C)n2,31,107,2,59,0,0,0,0,800,4,0.6458,1
Cc1cccc(n1)-c2cccc(C)n2,30,11,1,159,0,0,0,0,800,3,0,1
Cc1cccc(n1)-c2cccc(C)n2,1,87,63,48,0,0,0,0,800,4,1.1845,1
Cc1cccc(n1)-c2cccc(C)n2,119,2,5,75,0,0,0,0,800,1,0,1
Cc1cccc(n1)-c2cccc(C)n2,53,2,128,18,0,0,0,0,800,1,0,1
Cc1cccc(n1)-c2cccc(C)n2,9,32,54,106,0,0,0,0,800,4,0.5534,1
Cc1ccc(nc1)-c2ccc(C)cn2,123,12,28,37,0,0,0,0,800,3,0,1
Cc1ccc(nc1)-c2ccc(C)cn2,88,12,4,96,0,0,0,0,800,3,0,1
Cc1ccc(nc1)-c2ccc(C)cn2,67,34,93,6,0,0,0,0,800,4,0.6514,1
Cc1ccc(nc1)-c2ccc(C)cn2,47,6,9,137,0,0,0,0,800,3,0,1
Cc1ccc(nc1)-c2ccc(C)cn2,3,107,62,28,0,0,0,0,800,4,1.2241,1
Cc1ccc(nc1)-c2ccc(C)cn2,17,94,21,67,0,0,0,0,800,4,0.621,1
Cc1ccc(nc1)-c2ccc(C)cn2,12,72,8,108,0,0,0,0,800,3,0,1
Cc1ccc(nc1)-c2ccc(C)cn2,32,14,113,41,0,0,0,0,800,4,0,1
Cc1ccc(nc1)-c2ccc(C)cn2,47,50,63,41,0,0,0,0,800,4,0.9062,1
Cc1ccc(nc1)-c2ccc(C)cn2,54,2,59,85,0,0,0,0,800,3,0,1
Cc1ccc(nc1)-c2ccc(C)cn2,98,40,23,39,0,0,0,0,800,4,0.2928,1
Cc1ccc(nc1)-c2ccc(C)cn2,30,6,105,60,0,0,0,0,800,4,0,1
Cc1ccc(nc1)-c2ccc(C)cn2,14,106,79,2,0,0,0,0,800,4,0.9493,1
Cc1ccc(nc1)-c2ccc(C)cn2,10,25,30,135,0,0,0,0,800,3,0,1
Cc1ccc(nc1)-c2ccc(C)cn2,35,97,26,42,0,0,0,0,800,4,1.0856,1
Cc1ccc(nc1)-c2ccc(C)cn2,123,11,46,20,0,0,0,0,800,3,0,1
Cc1ccc(nc1)-c2ccc(C)cn2,26,38,84,52,0,0,0,0,800,3,0,1
Cc1ccc(nc1)-c2ccc(C)cn2,30,92,57,21,0,0,0,0,800,4,1.1424,1
Cc1ccc(nc1)-c2ccc(C)cn2,83,62,0,56,0,0,0,0,800,4,0.625,1
Cc1ccc(nc1)-c2ccc(C)cn2,85,90,24,1,0,0,0,0,800,4,0.82,1
Cc1ccc(nc1)-c2ccc(C)cn2,91,17,10,82,0,0,0,0,800,3,0,1
Cc1ccc(nc1)-c2ccc(C)cn2,148,5,5,41,0,0,0,0,800,3,0,1
Cc1ccc(nc1)-c2ccc(C)cn2,1,21,172,6,0,0,0,0,800,4,0,1
Cc1ccc(nc1)-c2ccc(C)cn2,1,72,88,38,0,0,0,0,800,4,0.2676,1
n1ccccc1-c2ccccn2,46,25,25,104,0,0,0,0,800,4,0,1
n1ccccc1-c2ccccn2,5,57,37,101,0,0,0,0,800,4,0,1
n1ccccc1-c2ccccn2,135,6,10,48,0,0,0,0,800,4,0,1
n1ccccc1-c2ccccn2,65,27,82,26,0,0,0,0,800,4,0.9081,1
n1ccccc1-c2ccccn2,10,49,45,97,0,0,0,0,800,4,0,1
n1ccccc1-c2ccccn2,22,117,1,59,0,0,0,0,800,4,0.6124,1
n1ccccc1-c2ccccn2,73,15,6,106,0,0,0,0,800,4,0,1
n1ccccc1-c2ccccn2,33,142,1,23,0,0,0,0,800,4,1.0176,1
n1ccccc1-c2ccccn2,3,158,15,24,0,0,0,0,800,4,0.9068,1
n1ccccc1-c2ccccn2,15,6,9,170,0,0,0,0,800,4,0,1
n1ccccc1-c2ccccn2,63,29,84,23,0,0,0,0,800,4,1.0611,1
n1ccccc1-c2ccccn2,46,101,15,37,0,0,0,0,800,4,1.2156,1
n1ccccc1-c2ccccn2,165,14,12,10,0,0,0,0,800,4,0.539,1
n1ccccc1-c2ccccn2,64,78,36,22,0,0,0,0,800,4,1.0705,1
n1ccccc1-c2ccccn2,30,147,10,12,0,0,0,0,800,4,1.2056,1
n1ccccc1-c2ccccn2,109,57,2,32,0,0,0,0,800,4,0.9136,1
n1ccccc1-c2ccccn2,0,158,13,28,0,0,0,0,800,4,1.1658,1
n1ccccc1-c2ccccn2,5,7,91,97,0,0,0,0,800,4,0,1
n1ccccc1-c2ccccn2,71,11,79,39,0,0,0,0,800,4,0,1
n1ccccc1-c2ccccn2,56,64,10,70,0,0,0,0,800,4,0.7436,1
n1ccccc1-c2ccccn2,4,15,49,132,0,0,0,0,800,3,0,1
n1ccccc1-c2ccccn2,39,97,57,7,0,0,0,0,800,4,0.6966,1
n1ccccc1-c2ccccn2,107,57,22,14,0,0,0,0,800,4,0.7909,1
n1ccccc1-c2ccccn2,32,148,18,2,0,0,0,0,800,4,0.611,1
CC(C)(C)c1ccnc(c1)-c2cc(ccn2)C(C)(C)C,46,25,25,104,0,0,0,0,800,4,1.4222,0
CC(C)(C)c1ccnc(c1)-c2cc(ccn2)C(C)(C)C,5,57,37,101,0,0,0,0,800,4,1.09,0
CC(C)(C)c1ccnc(c1)-c2cc(ccn2)C(C)(C)C,135,6,10,48,0,0,0,0,800,4,1.283,0
CC(C)(C)c1ccnc(c1)-c2cc(ccn2)C(C)(C)C,65,27,82,26,0,0,0,0,800,4,1.0055,0
CC(C)(C)c1ccnc(c1)-c2cc(ccn2)C(C)(C)C,10,49,45,97,0,0,0,0,800,1,0,0
CC(C)(C)c1ccnc(c1)-c2cc(ccn2)C(C)(C)C,22,117,1,59,0,0,0,0,800,3,0.7926,0
CC(C)(C)c1ccnc(c1)-c2cc(ccn2)C(C)(C)C,73,15,6,106,0,0,0,0,800,3,0,0
CC(C)(C)c1ccnc(c1)-c2cc(ccn2)C(C)(C)C,33,142,1,23,0,0,0,0,800,3,0.6664,0
CC(C)(C)c1ccnc(c1)-c2cc(ccn2)C(C)(C)C,3,158,15,24,0,0,0,0,800,4,0.7125,0
CC(C)(C)c1ccnc(c1)-c2cc(ccn2)C(C)(C)C,15,6,9,170,0,0,0,0,800,4,0.9416,0
CC(C)(C)c1ccnc(c1)-c2cc(ccn2)C(C)(C)C,63,29,84,23,0,0,0,0,800,4,0,0
CC(C)(C)c1ccnc(c1)-c2cc(ccn2)C(C)(C)C,46,101,15,37,0,0,0,0,800,3,0.57,0
CC(C)(C)c1ccnc(c1)-c2cc(ccn2)C(C)(C)C,165,14,12,10,0,0,0,0,800,4,0.9857,0
CC(C)(C)c1ccnc(c1)-c2cc(ccn2)C(C)(C)C,64,78,36,22,0,0,0,0,800,3,0.5073,0
CC(C)(C)c1ccnc(c1)-c2cc(ccn2)C(C)(C)C,30,147,10,12,0,0,0,0,800,4,0.9994,0
CC(C)(C)c1ccnc(c1)-c2cc(ccn2)C(C)(C)C,109,57,2,32,0,0,0,0,800,4,1.196,0
CC(C)(C)c1ccnc(c1)-c2cc(ccn2)C(C)(C)C,0,158,13,28,0,0,0,0,800,3,0.5423,0
CC(C)(C)c1ccnc(c1)-c2cc(ccn2)C(C)(C)C,5,7,91,97,0,0,0,0,800,3,0,0
CC(C)(C)c1ccnc(c1)-c2cc(ccn2)C(C)(C)C,71,11,79,39,0,0,0,0,800,1,0,0
CC(C)(C)c1ccnc(c1)-c2cc(ccn2)C(C)(C)C,56,64,10,70,0,0,0,0,800,3,0,0
CC(C)(C)c1ccnc(c1)-c2cc(ccn2)C(C)(C)C,4,15,49,132,0,0,0,0,800,4,1.385,0
CC(C)(C)c1ccnc(c1)-c2cc(ccn2)C(C)(C)C,39,97,57,7,0,0,0,0,800,1,0.3994,0
CC(C)(C)c1ccnc(c1)-c2cc(ccn2)C(C)(C)C,107,57,22,14,0,0,0,0,800,4,0.9458,0
CC(C)(C)c1ccnc(c1)-c2cc(ccn2)C(C)(C)C,32,148,18,2,0,0,0,0,800,4,0,0
Cc1ccc(nc1)-c2ccc(C)cn2,53,28,69,50,0,0,0,0,800,4,0.5854,0
Cc1ccc(nc1)-c2ccc(C)cn2,41,95,25,39,0,0,0,0,800,4,0.4246,0
Cc1ccc(nc1)-c2ccc(C)cn2,39,13,135,13,0,0,0,0,800,4,1.175,0
Cc1ccc(nc1)-c2ccc(C)cn2,73,33,76,18,0,0,0,0,800,4,1.1464,0
Cc1ccc(nc1)-c2ccc(C)cn2,60,56,22,61,0,0,0,0,800,4,0.958,0
Cc1ccc(nc1)-c2ccc(C)cn2,54,99,34,13,0,0,0,0,800,4,1.2244,0
Cc1ccc(nc1)-c2ccc(C)cn2,130,43,16,11,0,0,0,0,800,4,1.5336,0
Cc1ccc(nc1)-c2ccc(C)cn2,158,5,3,34,0,0,0,0,800,1,0,0
Cc1ccc(nc1)-c2ccc(C)cn2,19,141,12,29,0,0,0,0,800,4,0.8914,0
Cc1ccc(nc1)-c2ccc(C)cn2,92,91,14,3,0,0,0,0,800,4,1.151,0
Cc1ccc(nc1)-c2ccc(C)cn2,15,29,143,13,0,0,0,0,800,4,0,0
Cc1ccc(nc1)-c2ccc(C)cn2,28,2,149,20,0,0,0,0,800,4,0,0
Cc1ccc(nc1)-c2ccc(C)cn2,91,14,79,16,0,0,0,0,800,4,0,0
Cc1ccc(nc1)-c2ccc(C)cn2,49,6,120,25,0,0,0,0,800,4,0.8824,0
Cc1ccc(nc1)-c2ccc(C)cn2,24,50,38,88,0,0,0,0,800,4,0.8533,0
Cc1ccc(nc1)-c2ccc(C)cn2,78,30,17,75,0,0,0,0,800,4,1.084,0
Cc1ccc(nc1)-c2ccc(C)cn2,40,44,68,49,0,0,0,0,800,4,1.0014,0
Cc1ccc(nc1)-c2ccc(C)cn2,75,33,47,45,0,0,0,0,800,4,0.6558,0
Cc1ccc(nc1)-c2ccc(C)cn2,131,0,20,49,0,0,0,0,800,1,0,0
Cc1ccc(nc1)-c2ccc(C)cn2,109,10,5,77,0,0,0,0,800,4,1.0615,0
Cc1ccc(nc1)-c2ccc(C)cn2,11,83,78,29,0,0,0,0,800,4,1.5018,0
Cc1ccc(nc1)-c2ccc(C)cn2,18,2,129,51,0,0,0,0,800,4,0,0
Cc1ccc(nc1)-c2ccc(C)cn2,17,69,95,19,0,0,0,0,800,4,0.9524,0
Cc1ccc(nc1)-c2ccc(C)cn2,131,16,45,9,0,0,0,0,800,4,0.6687,0
Cc1cccc(n1)-c2cccc(C)n2,16,99,42,43,0,0,0,0,800,4,0.991,0
Cc1cccc(n1)-c2cccc(C)n2,2,5,144,50,0,0,0,0,800,4,0,0
Cc1cccc(n1)-c2cccc(C)n2,18,131,10,41,0,0,0,0,800,4,1.4141,0
Cc1cccc(n1)-c2cccc(C)n2,57,13,5,126,0,0,0,0,800,4,0.6132,0
Cc1cccc(n1)-c2cccc(C)n2,88,36,75,1,0,0,0,0,800,4,1.0132,0
Cc1cccc(n1)-c2cccc(C)n2,14,51,87,49,0,0,0,0,800,4,0.7168,0
Cc1cccc(n1)-c2cccc(C)n2,23,40,6,131,0,0,0,0,800,4,0.7003,0
Cc1cccc(n1)-c2cccc(C)n2,1,99,8,92,0,0,0,0,800,4,0.655,0
Cc1cccc(n1)-c2cccc(C)n2,115,20,10,56,0,0,0,0,800,4,1.1242,0
Cc1cccc(n1)-c2cccc(C)n2,127,55,8,10,0,0,0,0,800,4,1.0009,0
Cc1cccc(n1)-c2cccc(C)n2,30,126,1,43,0,0,0,0,800,4,1.4286,0
Cc1cccc(n1)-c2cccc(C)n2,33,38,9,119,0,0,0,0,800,4,0.8935,0
Cc1cccc(n1)-c2cccc(C)n2,35,45,90,31,0,0,0,0,800,3,0.7379,0
Cc1cccc(n1)-c2cccc(C)n2,68,45,22,65,0,0,0,0,800,4,1.3314,0
Cc1cccc(n1)-c2cccc(C)n2,56,136,0,8,0,0,0,0,800,4,0.9121,0
Cc1cccc(n1)-c2cccc(C)n2,12,49,43,96,0,0,0,0,800,4,1.0142,0
Cc1cccc(n1)-c2cccc(C)n2,68,53,54,25,0,0,0,0,800,4,1.1464,0
Cc1cccc(n1)-c2cccc(C)n2,40,52,42,66,0,0,0,0,800,4,1.0784,0
Cc1cccc(n1)-c2cccc(C)n2,53,29,7,110,0,0,0,0,800,4,0.6598,0
Cc1cccc(n1)-c2cccc(C)n2,175,4,7,14,0,0,0,0,800,1,0,0
Cc1cccc(n1)-c2cccc(C)n2,4,127,61,8,0,0,0,0,800,4,1.6341,0
Cc1cccc(n1)-c2cccc(C)n2,45,17,63,75,0,0,0,0,800,3,0,0
Cc1cccc(n1)-c2cccc(C)n2,38,44,77,41,0,0,0,0,800,3,0.5771,0
Cc1cccc(n1)-c2cccc(C)n2,17,7,10,166,0,0,0,0,800,3,0.246,0
n1ccccc1-c2ccccn2,53,8,46,94,0,0,0,0,800,3,0.8567,0
n1ccccc1-c2ccccn2,40,128,24,8,0,0,0,0,800,4,1.2928,0
n1ccccc1-c2ccccn2,48,41,44,67,0,0,0,0,800,4,1.0922,0
n1ccccc1-c2ccccn2,68,113,10,10,0,0,0,0,800,4,1.226,0
n1ccccc1-c2ccccn2,94,33,44,28,0,0,0,0,800,4,0.7543,0
n1ccccc1-c2ccccn2,127,14,45,15,0,0,0,0,800,3,0.6288,0
n1ccccc1-c2ccccn2,21,24,52,103,0,0,0,0,800,4,1.1074,0
n1ccccc1-c2ccccn2,22,32,106,40,0,0,0,0,800,4,0.7991,0
n1ccccc1-c2ccccn2,5,94,94,6,0,0,0,0,800,4,1.1626,0
n1ccccc1-c2ccccn2,132,32,30,6,0,0,0,0,800,4,2.2892,0
n1ccccc1-c2ccccn2,12,43,92,54,0,0,0,0,800,4,0.797,0
n1ccccc1-c2ccccn2,21,17,6,157,0,0,0,0,800,4,1.1006,0
n1ccccc1-c2ccccn2,0,7,51,142,0,0,0,0,800,4,0,0
n1ccccc1-c2ccccn2,8,1,33,158,0,0,0,0,800,4,0,0
n1ccccc1-c2ccccn2,64,90,38,8,0,0,0,0,800,4,1.86,0
n1ccccc1-c2ccccn2,58,29,49,64,0,0,0,0,800,4,1.1644,0
n1ccccc1-c2ccccn2,29,75,22,74,0,0,0,0,800,4,1.6064,0
n1ccccc1-c2ccccn2,47,33,49,70,0,0,0,0,800,4,0.8893,0
n1ccccc1-c2ccccn2,61,67,25,48,0,0,0,0,800,4,2.134,0
n1ccccc1-c2ccccn2,22,57,104,17,0,0,0,0,800,4,1.1031,0
n1ccccc1-c2ccccn2,50,79,62,9,0,0,0,0,800,4,1.614,0
n1ccccc1-c2ccccn2,147,5,15,33,0,0,0,0,800,1,0.2392,0
n1ccccc1-c2ccccn2,83,28,79,10,0,0,0,0,800,4,0.9347,0
n1ccccc1-c2ccccn2,56,52,82,9,0,0,0,0,800,4,1.133,0
Oc1cccnc1-c2ncccc2O,16,110,1,73,0,0,0,0,800,4,0.9574,1
Oc1cccnc1-c2ncccc2O,51,10,37,101,0,0,0,0,800,4,0.276,1
Oc1cccnc1-c2ncccc2O,62,15,73,49,0,0,0,0,800,3,1.236,1
Oc1cccnc1-c2ncccc2O,5,60,17,117,0,0,0,0,800,4,0.8861,1
Oc1cccnc1-c2ncccc2O,36,88,41,35,0,0,0,0,800,4,0.9695,1
Oc1cccnc1-c2ncccc2O,123,11,6,60,0,0,0,0,800,4,0.634,1
Oc1cccnc1-c2ncccc2O,0,65,42,93,0,0,0,0,800,4,0.6225,1
Oc1cccnc1-c2ncccc2O,44,50,85,20,0,0,0,0,800,4,0.6158,1
Oc1cccnc1-c2ncccc2O,0,77,85,38,0,0,0,0,800,4,1.051,1
Oc1cccnc1-c2ncccc2O,53,73,16,58,0,0,0,0,800,4,1.2178,1
Oc1cccnc1-c2ncccc2O,62,90,23,24,0,0,0,0,800,4,1.5416,1
Oc1cccnc1-c2ncccc2O,36,22,130,12,0,0,0,0,800,4,0,1
Oc1cccnc1-c2ncccc2O,91,50,41,18,0,0,0,0,800,4,1.3546,1
Oc1cccnc1-c2ncccc2O,3,7,91,100,0,0,0,0,800,4,0,1
Oc1cccnc1-c2ncccc2O,3,33,130,34,0,0,0,0,800,4,0,1
Oc1cccnc1-c2ncccc2O,19,42,59,80,0,0,0,0,800,4,1.0904,1
Oc1cccnc1-c2ncccc2O,96,34,39,32,0,0,0,0,800,4,1.58,1
Oc1cccnc1-c2ncccc2O,31,66,53,50,0,0,0,0,800,4,1.8954,1
Oc1cccnc1-c2ncccc2O,122,49,27,2,0,0,0,0,800,4,2.3444,1
Oc1cccnc1-c2ncccc2O,21,6,167,6,0,0,0,0,800,4,0,1
Oc1cccnc1-c2ncccc2O,25,3,67,105,0,0,0,0,800,1,0,1
Oc1cccnc1-c2ncccc2O,82,79,24,15,0,0,0,0,800,4,2.1668,1
Oc1cccnc1-c2ncccc2O,9,47,100,45,0,0,0,0,800,4,1.3805,1
Oc1cccnc1-c2ncccc2O,9,48,131,13,0,0,0,0,800,4,1.043,1
O=C1C=C(NC(=C1)c2ccccn2)c3ccccn3,1,63,81,54,0,0,0,0,800,4,0.8214,1
O=C1C=C(NC(=C1)c2ccccn2)c3ccccn3,65,3,61,71,0,0,0,0,800,2,0,1
O=C1C=C(NC(=C1)c2ccccn2)c3ccccn3,31,4,50,114,0,0,0,0,800,2,0,1
O=C1C=C(NC(=C1)c2ccccn2)c3ccccn3,18,65,30,87,0,0,0,0,800,4,0.5856,1
O=C1C=C(NC(=C1)c2ccccn2)c3ccccn3,107,30,35,28,0,0,0,0,800,4,0.9566,1
O=C1C=C(NC(=C1)c2ccccn2)c3ccccn3,74,91,0,35,0,0,0,0,800,4,1.0579,1
O=C1C=C(NC(=C1)c2ccccn2)c3ccccn3,69,20,54,57,0,0,0,0,800,3,0.5382,1
O=C1C=C(NC(=C1)c2ccccn2)c3ccccn3,10,0,155,35,0,0,0,0,800,4,0,1
O=C1C=C(NC(=C1)c2ccccn2)c3ccccn3,14,131,9,46,0,0,0,0,800,4,0.5166,1
O=C1C=C(NC(=C1)c2ccccn2)c3ccccn3,77,42,0,81,0,0,0,0,800,4,0.3098,1
O=C1C=C(NC(=C1)c2ccccn2)c3ccccn3,11,134,47,8,0,0,0,0,800,4,0.705,1
O=C1C=C(NC(=C1)c2ccccn2)c3ccccn3,28,1,149,22,0,0,0,0,800,4,0,1
O=C1C=C(NC(=C1)c2ccccn2)c3ccccn3,48,36,104,11,0,0,0,0,800,4,0.691,1
O=C1C=C(NC(=C1)c2ccccn2)c3ccccn3,103,60,16,22,0,0,0,0,800,4,0.3591,1
O=C1C=C(NC(=C1)c2ccccn2)c3ccccn3,23,36,131,10,0,0,0,0,800,4,0.8608,1
O=C1C=C(NC(=C1)c2ccccn2)c3ccccn3,13,138,11,38,0,0,0,0,800,4,0.545,1
O=C1C=C(NC(=C1)c2ccccn2)c3ccccn3,109,2,63,26,0,0,0,0,800,3,0,1
O=C1C=C(NC(=C1)c2ccccn2)c3ccccn3,2,20,28,151,0,0,0,0,800,3,0,1
O=C1C=C(NC(=C1)c2ccccn2)c3ccccn3,124,29,34,13,0,0,0,0,800,4,1.0909,1
O=C1C=C(NC(=C1)c2ccccn2)c3ccccn3,31,20,106,44,0,0,0,0,800,4,0.888,1
O=C1C=C(NC(=C1)c2ccccn2)c3ccccn3,6,153,27,14,0,0,0,0,800,4,1.667,1
O=C1C=C(NC(=C1)c2ccccn2)c3ccccn3,52,21,115,12,0,0,0,0,800,4,0.5476,1
O=C1C=C(NC(=C1)c2ccccn2)c3ccccn3,174,1,13,13,0,0,0,0,800,2,0,1
O=C1C=C(NC(=C1)c2ccccn2)c3ccccn3,30,0,33,136,0,0,0,0,800,2,0,1
COc1ccnc(c1)-c2cc(OC)ccn2,126,12,48,13,0,0,0,0,800,4,0,1
COc1ccnc(c1)-c2cc(OC)ccn2,82,14,4,100,0,0,0,0,800,4,0,1
COc1ccnc(c1)-c2cc(OC)ccn2,30,65,98,6,0,0,0,0,800,4,2.257,1
COc1ccnc(c1)-c2cc(OC)ccn2,41,76,51,31,0,0,0,0,800,4,0.7753,1
COc1ccnc(c1)-c2cc(OC)ccn2,6,66,75,52,0,0,0,0,800,4,1.1302,1
COc1ccnc(c1)-c2cc(OC)ccn2,22,7,126,45,0,0,0,0,800,1,0,1
COc1ccnc(c1)-c2cc(OC)ccn2,6,113,54,27,0,0,0,0,800,4,1.5046,1
COc1ccnc(c1)-c2cc(OC)ccn2,81,86,13,19,0,0,0,0,800,3,0.389,1
COc1ccnc(c1)-c2cc(OC)ccn2,65,42,9,84,0,0,0,0,800,4,0.6034,1
COc1ccnc(c1)-c2cc(OC)ccn2,20,8,45,127,0,0,0,0,800,4,0,1
COc1ccnc(c1)-c2cc(OC)ccn2,47,27,74,52,0,0,0,0,800,4,0.2668,1
COc1ccnc(c1)-c2cc(OC)ccn2,106,18,28,48,0,0,0,0,800,1,0,1
COc1ccnc(c1)-c2cc(OC)ccn2,9,6,31,154,0,0,0,0,800,3,0,1
COc1ccnc(c1)-c2cc(OC)ccn2,41,85,47,27,0,0,0,0,800,2,0,1
COc1ccnc(c1)-c2cc(OC)ccn2,125,30,12,33,0,0,0,0,800,2,0,1
COc1ccnc(c1)-c2cc(OC)ccn2,49,33,24,94,0,0,0,0,800,4,0.4236,1
COc1ccnc(c1)-c2cc(OC)ccn2,129,44,25,2,0,0,0,0,800,2,0,1
COc1ccnc(c1)-c2cc(OC)ccn2,52,3,2,144,0,0,0,0,800,4,0,1
COc1ccnc(c1)-c2cc(OC)ccn2,146,17,26,12,0,0,0,0,800,3,0,1
COc1ccnc(c1)-c2cc(OC)ccn2,119,12,32,37,0,0,0,0,800,1,0,1
COc1ccnc(c1)-c2cc(OC)ccn2,76,58,61,6,0,0,0,0,800,3,0,1
COc1ccnc(c1)-c2cc(OC)ccn2,97,25,12,66,0,0,0,0,800,3,0,1
COc1ccnc(c1)-c2cc(OC)ccn2,42,78,17,62,0,0,0,0,800,3,0.309,1
COc1ccnc(c1)-c2cc(OC)ccn2,73,13,44,70,0,0,0,0,800,1,0,1
no_additive,134,39,28,0,0,0,0,0,800,4,1.9242,1
no_additive,73,64,63,0,0,0,0,0,800,4,0.722,1
no_additive,20,139,41,0,0,0,0,0,800,4,1.1372,1
no_additive,27,56,117,0,0,0,0,0,800,3,1.1226,1
no_additive,93,28,80,0,0,0,0,0,800,4,0.7626,1
no_additive,72,45,83,0,0,0,0,0,800,4,1.902,1
no_additive,109,10,81,0,0,0,0,0,800,4,0.4889,1
no_additive,113,69,19,0,0,0,0,0,800,4,0.8484,1
no_additive,139,43,18,0,0,0,0,0,800,4,0,1
no_additive,118,69,13,0,0,0,0,0,800,4,1.182,1
no_additive,148,45,6,0,0,0,0,0,800,4,0.4564,1
no_additive,53,9,138,0,0,0,0,0,800,4,1.3972,1
no_additive,138,23,39,0,0,0,0,0,800,4,0.943,1
no_additive,177,13,10,0,0,0,0,0,800,3,0,1
no_additive,90,101,9,0,0,0,0,0,800,4,1.1452,1
no_additive,2,162,36,0,0,0,0,0,800,4,1.2143,1
no_additive,3,7,190,0,0,0,0,0,800,3,0.856,1
no_additive,134,62,4,0,0,0,0,0,800,3,0.8904,1
no_additive,74,39,87,0,0,0,0,0,800,4,1.0306,1
no_additive,44,6,150,0,0,0,0,0,800,3,1.0165,1
no_additive,15,53,132,0,0,0,0,0,800,4,0.899,1
no_additive,93,19,88,0,0,0,0,0,800,4,0.938,1
no_additive,58,52,90,0,0,0,0,0,800,4,0.996,1
no_additive,33,104,63,0,0,0,0,0,800,4,0.7095,1
COC(=O)c1ccnc(c1)-c2cc(cc(n2)-c3cc(ccn3)C(=O)OC)C(=O)OC,127,49,3,21,0,0,0,0,800,,0,1
COC(=O)c1ccnc(c1)-c2cc(cc(n2)-c3cc(ccn3)C(=O)OC)C(=O)OC,87,1,20,92,0,0,0,0,800,,1.1988,1
COC(=O)c1ccnc(c1)-c2cc(cc(n2)-c3cc(ccn3)C(=O)OC)C(=O)OC,15,18,63,104,0,0,0,0,800,,1.6532,1
COC(=O)c1ccnc(c1)-c2cc(cc(n2)-c3cc(ccn3)C(=O)OC)C(=O)OC,62,27,47,64,0,0,0,0,800,,1.1014,1
COC(=O)c1ccnc(c1)-c2cc(cc(n2)-c3cc(ccn3)C(=O)OC)C(=O)OC,135,9,20,37,0,0,0,0,800,,0,1
COC(=O)c1ccnc(c1)-c2cc(cc(n2)-c3cc(ccn3)C(=O)OC)C(=O)OC,32,118,35,15,0,0,0,0,800,,0,1
COC(=O)c1ccnc(c1)-c2cc(cc(n2)-c3cc(ccn3)C(=O)OC)C(=O)OC,26,35,103,35,0,0,0,0,800,,0,1
COC(=O)c1ccnc(c1)-c2cc(cc(n2)-c3cc(ccn3)C(=O)OC)C(=O)OC,5,107,49,40,0,0,0,0,800,,0.7398,1
COC(=O)c1ccnc(c1)-c2cc(cc(n2)-c3cc(ccn3)C(=O)OC)C(=O)OC,106,1,15,78,0,0,0,0,800,,1.1279,1
COC(=O)c1ccnc(c1)-c2cc(cc(n2)-c3cc(ccn3)C(=O)OC)C(=O)OC,101,55,30,14,0,0,0,0,800,,0.764,1
COC(=O)c1ccnc(c1)-c2cc(cc(n2)-c3cc(ccn3)C(=O)OC)C(=O)OC,53,89,26,32,0,0,0,0,800,,1.6842,1
COC(=O)c1ccnc(c1)-c2cc(cc(n2)-c3cc(ccn3)C(=O)OC)C(=O)OC,52,26,83,40,0,0,0,0,800,,0,1
COC(=O)c1ccnc(c1)-c2cc(cc(n2)-c3cc(ccn3)C(=O)OC)C(=O)OC,5,109,16,70,0,0,0,0,800,,0.4172,1
COC(=O)c1ccnc(c1)-c2cc(cc(n2)-c3cc(ccn3)C(=O)OC)C(=O)OC,36,66,8,90,0,0,0,0,800,,0.1942,1
COC(=O)c1ccnc(c1)-c2cc(cc(n2)-c3cc(ccn3)C(=O)OC)C(=O)OC,138,46,0,16,0,0,0,0,800,,0,1
COC(=O)c1ccnc(c1)-c2cc(cc(n2)-c3cc(ccn3)C(=O)OC)C(=O)OC,42,126,9,24,0,0,0,0,800,,0.6711,1
COC(=O)c1ccnc(c1)-c2cc(cc(n2)-c3cc(ccn3)C(=O)OC)C(=O)OC,25,42,13,120,0,0,0,0,800,,1.184,1
COC(=O)c1ccnc(c1)-c2cc(cc(n2)-c3cc(ccn3)C(=O)OC)C(=O)OC,4,72,59,65,0,0,0,0,800,,1.5086,1
COC(=O)c1ccnc(c1)-c2cc(cc(n2)-c3cc(ccn3)C(=O)OC)C(=O)OC,14,22,61,103,0,0,0,0,800,,2.0944,1
COC(=O)c1ccnc(c1)-c2cc(cc(n2)-c3cc(ccn3)C(=O)OC)C(=O)OC,87,87,11,14,0,0,0,0,800,,0.596,1
COC(=O)c1ccnc(c1)-c2cc(cc(n2)-c3cc(ccn3)C(=O)OC)C(=O)OC,3,46,95,56,0,0,0,0,800,,1.8269,1
COC(=O)c1ccnc(c1)-c2cc(cc(n2)-c3cc(ccn3)C(=O)OC)C(=O)OC,57,88,36,19,0,0,0,0,800,,0.5924,1
COC(=O)c1ccnc(c1)-c2cc(cc(n2)-c3cc(ccn3)C(=O)OC)C(=O)OC,125,28,23,24,0,0,0,0,800,,0.3119,1
COC(=O)c1ccnc(c1)-c2cc(cc(n2)-c3cc(ccn3)C(=O)OC)C(=O)OC,54,28,62,55,0,0,0,0,800,,0.4924,1
CC(C)(C)c1ccnc(c1)-c2cc(cc(n2)-c3cc(ccn3)C(C)(C)C)C(C)(C)C,127,49,3,21,0,0,0,0,800,3,1.2654,1
CC(C)(C)c1ccnc(c1)-c2cc(cc(n2)-c3cc(ccn3)C(C)(C)C)C(C)(C)C,87,1,20,92,0,0,0,0,800,1,1.2654,1
CC(C)(C)c1ccnc(c1)-c2cc(cc(n2)-c3cc(ccn3)C(C)(C)C)C(C)(C)C,15,18,63,104,0,0,0,0,800,3,0,1
CC(C)(C)c1ccnc(c1)-c2cc(cc(n2)-c3cc(ccn3)C(C)(C)C)C(C)(C)C,62,27,47,64,0,0,0,0,800,4,0.6818,1
CC(C)(C)c1ccnc(c1)-c2cc(cc(n2)-c3cc(ccn3)C(C)(C)C)C(C)(C)C,135,9,20,37,0,0,0,0,800,1,0,1
CC(C)(C)c1ccnc(c1)-c2cc(cc(n2)-c3cc(ccn3)C(C)(C)C)C(C)(C)C,32,118,35,15,0,0,0,0,800,4,1.006,1
CC(C)(C)c1ccnc(c1)-c2cc(cc(n2)-c3cc(ccn3)C(C)(C)C)C(C)(C)C,26,35,103,35,0,0,0,0,800,3,0.2729,1
CC(C)(C)c1ccnc(c1)-c2cc(cc(n2)-c3cc(ccn3)C(C)(C)C)C(C)(C)C,5,107,49,40,0,0,0,0,800,4,1.7416,1
CC(C)(C)c1ccnc(c1)-c2cc(cc(n2)-c3cc(ccn3)C(C)(C)C)C(C)(C)C,106,1,15,78,0,0,0,0,800,1,0,1
CC(C)(C)c1ccnc(c1)-c2cc(cc(n2)-c3cc(ccn3)C(C)(C)C)C(C)(C)C,101,55,30,14,0,0,0,0,800,4,0.504,1
CC(C)(C)c1ccnc(c1)-c2cc(cc(n2)-c3cc(ccn3)C(C)(C)C)C(C)(C)C,53,89,26,32,0,0,0,0,800,4,0.851,1
CC(C)(C)c1ccnc(c1)-c2cc(cc(n2)-c3cc(ccn3)C(C)(C)C)C(C)(C)C,52,26,83,40,0,0,0,0,800,2,0,1
CC(C)(C)c1ccnc(c1)-c2cc(cc(n2)-c3cc(ccn3)C(C)(C)C)C(C)(C)C,5,109,16,70,0,0,0,0,800,4,0.8748,1
CC(C)(C)c1ccnc(c1)-c2cc(cc(n2)-c3cc(ccn3)C(C)(C)C)C(C)(C)C,36,66,8,90,0,0,0,0,800,2,0,1
CC(C)(C)c1ccnc(c1)-c2cc(cc(n2)-c3cc(ccn3)C(C)(C)C)C(C)(C)C,138,46,0,16,0,0,0,0,800,2,1.3412,1
CC(C)(C)c1ccnc(c1)-c2cc(cc(n2)-c3cc(ccn3)C(C)(C)C)C(C)(C)C,42,126,9,24,0,0,0,0,800,4,0.6216,1
CC(C)(C)c1ccnc(c1)-c2cc(cc(n2)-c3cc(ccn3)C(C)(C)C)C(C)(C)C,25,42,13,120,0,0,0,0,800,1,0,1
CC(C)(C)c1ccnc(c1)-c2cc(cc(n2)-c3cc(ccn3)C(C)(C)C)C(C)(C)C,4,72,59,65,0,0,0,0,800,4,0.4066,1
CC(C)(C)c1ccnc(c1)-c2cc(cc(n2)-c3cc(ccn3)C(C)(C)C)C(C)(C)C,14,22,61,103,0,0,0,0,800,2,0,1
CC(C)(C)c1ccnc(c1)-c2cc(cc(n2)-c3cc(ccn3)C(C)(C)C)C(C)(C)C,87,87,11,14,0,0,0,0,800,2,0,1
CC(C)(C)c1ccnc(c1)-c2cc(cc(n2)-c3cc(ccn3)C(C)(C)C)C(C)(C)C,3,46,95,56,0,0,0,0,800,1,0,1
CC(C)(C)c1ccnc(c1)-c2cc(cc(n2)-c3cc(ccn3)C(C)(C)C)C(C)(C)C,57,88,36,19,0,0,0,0,800,1,0,1
CC(C)(C)c1ccnc(c1)-c2cc(cc(n2)-c3cc(ccn3)C(C)(C)C)C(C)(C)C,125,28,23,24,0,0,0,0,800,1,0,1
CC(C)(C)c1ccnc(c1)-c2cc(cc(n2)-c3cc(ccn3)C(C)(C)C)C(C)(C)C,54,28,62,55,0,0,0,0,800,1,0,1
